{"cameraMode":{"drawMode":0,"name":"Shaded","section":"Shading Mode"},"sceneLighting":true,"audioPlay":false,"sceneViewState":{"showFog":true,"showMaterialUpdate":false,"showSkybox":true,"showFlares":true,"showImageEffects":true,"showParticleSystems":true},"in2DMode":false,"pivot":{"x":-6.476268291473389,"y":-1.870354175567627,"z":0.8613492250442505},"rotation":{"x":-0.17475128173828126,"y":0.6072728633880615,"z":-0.13918766379356385,"w":-0.7624358534812927},"size":12.461819648742676,"orthographic":false}